hashtags,hashtags_count
#grumpycat,770
#worstchristmasever,110
#sxsw,63
#ad,46
#askgrumpycat,45
#sxswi,34
#grumppuccino,31
#holyshrimp,29
#g4p16,23
#grumpyiscoming,22
#dailygrump,20
#happybirthdaygrumpycat,20
#partner,20
#friskies,18
#halloween,17
#bingo,16
#disneyside,16
#noitall,15
#catdreamscometrue,14
#shoutout,13
#raw,13
#mashsxsw,13
#willkittyplay,13
#kca,13
#grumpycatsbritishinvasion,13
#memedaynightraw,12
#nyc,12
#wwe,12
#whyamiwatchingthis,11
#teamgrumpy,11
#grumpytownusa,10
#grumpysaturday,10
#mondaynightraw,10
#opelgoesgrumpy,10
#sxsw14,9
#idol,9
#grumpybirthday,9
#christmas,9
#grumpycatqvc,9
#sb50,9
#christmasinjuly,9
#kcas,9
#cybermonday,9
#givefriskies,8
#sxsw15,8
#grumpycatsworstchristmasever,8
#blackfriday,8
#idollive,8
#thefriskies,8
#fortunaforall,8
#webbys,7
#bobsfromskechers,7
#catvidfest,7
#thanksgiving,7
#skechers,7
#kca2015,7
#periscope,7
#grumpyguidetolife,7
#catsummer,7
#friskmas,7
#rockyourdisneyside,7
#rawroanoke,7
#minerswanted,6
#catconcoctions,6
#bachelorettefinale,6
#nationalcatday,6
#happyfindsgrumpy,6
#ifyoufeedme,6
#grumpycatonraw,6
#newfantasyland,6
#luckypets,5
#cutestshootever,5
#cats,5
#vicelandbus,5
#grumpkin,5
#newyork,5
#nycc,5
#hollywood,5
#licensingexpo,5
#1mmgrumpyfrowns,5
#pokey,5
#sweepstakes,5
#weatherkitty,5
#grumpycatforever,5
#sponsored,4
#catscratchparty,4
#internationalcatday,4
#lasvegas,4
#grumpofthrones,4
#austin,4
#nationalsiblingsday,4
#grumpy,4
#teamsaucy,4
#mustbethegrumpy,4
#sxsw2015,4
#nycc2015,4
#worstgameever,4
#newtube,4
#mustbethehoney,4
#wweroanoke,4
#caturday,4
#denver,3
#legoninjagomovie,3
#valentinesday,3
#americanidol,3
#endwetfoodhunger,3
#superbowl,3
#grumpyvegas,3
#catsofinstagram,3
#chicago,3
#disneyworld,3
#grumpybomb,3
#nationaldogday,3
#everycheckinsavesakitten,3
#worldemojiday,3
#hollywoodchristmasparade,3
#instacat,3
#gameofthrones,3
#licensing15,3
#openingday,3
#amzcostumedcritters,3
#cosmolive,3
#london,3
#electionday,3
#tfny,3
#badgiftidea,3
#grumpycatonidol,3
#catcash,3
#votegrumpycatuk,3
#grumpycattard,2
#grumpycatinchicago,2
#facebook,2
#grumpyonidol,2
#ddsum13,2
#friskies50,2
#mtvmovieawards,2
#grumpytakeseurope,2
#bobsfordogs,2
#sharkweek,2
#easter,2
#cyberweek,2
#lagivesback,2
#no,2
#whyamiwatchingthisagain,2
#giftideas,2
#licensing,2
#seattle,2
#la,2
#grumpyphotobooth,2
#bizaardvark,2
#caseable,2
#mostplayfulcat,2
#toyfair15,2
#bachelorette,2
#canada,2
#sponsor,2
#sb51,2
#happymeetsgrumpy,2
#grumpyhatesodor,2
#housegrumpy,2
#dearkitten,2
#weekend,2
#grumpcat,2
#losangeles,2
#happynewyear,2
#willyoufeedme,2
#comikaze2015,2
#funko,2
#nationalpuppyday,2
#terribledeal,2
#mashablehouse,2
#gotexhibit,2
#minnesota,2
#meow,2
#maythe4thbewithyou,2
#grumpmoji,2
#outstandingliterary,2
#freeshipping,2
#navypier,2
#oscars,2
#superbowi,2
#pop,2
#atx,2
#grumpywax,2
#chasinggrumpy,2
#vegas,2
#waltdisneyworld,2
#free,2
#guyschoice,2
#valentines,2
#catmom,2
#phonecase,2
#grumpyinparis,2
#rockthecase,2
#breaking,2
#mostmeowsinaminute,2
#bradshawstain,2
#bdigital,2
#gingercatappreciationday,2
#favoriteanimal,2
#catchdrogon,2
#worstparadeever,2
#grumpyschallenge,2
#funkopop,2
#sunday,2
#breaktheinternet,2
#thestufinside,2
#germany,1
#grumpyforever,1
#grumpycatatmallofamerica,1
#rock,1
#realgrumpycat,1
#thanksgiving2017,1
#meetgrumpycat,1
#aprilfools,1
#australia,1
#votegrumpycat,1
#realsatoshi,1
#presidentsday,1
#reddit,1
#bookexpo,1
#2015bestnine,1
#catsftw,1
#worstinterviewever,1
#pokeythecat,1
#wgnnews,1
#irefusetodrinkthekoolaid,1
#gamesforcats,1
#uk,1
#fragrance,1
#philadelphia,1
#catclubhouse,1
#thankseverybody,1
#kittenhood,1
#weinermobile,1
#hollyweird,1
#4thofjuly,1
#nationalhamburgerday,1
#worldcup18,1
#hausofbacon,1
#catdads,1
#webbyawards,1
#odie,1
#getgrumpy,1
#grumpycatmovie,1
#satoshinakamoto,1
#tfny15,1
#may,1
#sweetsansnacks,1
#mtvbump,1
#bestdayofmylife,1
#parfum,1
#worstdayofsummer,1
#cinderellapremiere,1
#threemoongrumpycat,1
#kiwi,1
#sale,1
#2016bestnine,1
#sxswesteros,1
#eaudeparfum,1
#britishgrumpycat,1
#terribledeals,1
#2017worstnine,1
#chevysxsw,1
#holidaygift,1
#walkingdead,1
#skechersxgrumpycat,1
#contest,1
#debate,1
#getamongstit,1
#tbt,1
#phoenix,1
#maythefourth,1
#lightningdeal,1
#texas,1
#macysparade,1
#partymix,1
#fall,1
#eatandgreet,1
#bitcoinchase,1
#gift,1
#comingsoon,1
#puppymonkeybaby,1
#hurricaneharvey,1
#biggame,1
#hugefan,1
#highroller,1
#sanfrancisco,1
#nationaltoastday,1
#colonel_meow,1
#bitcoin,1
#indiana,1
#gots7,1
#grumpycatbook,1
#grumpytakesbroadway,1
#nojoke,1
#tvholidayspecialplots,1
#dbacksopeningday,1
#thegrinch,1
#terriblegiftideas,1
#wintersolstice,1
#socialmediaorg,1
#searstower,1
#worldcup,1
#debates,1
#oldheadshotday,1
#thebookcon,1
#exclusive,1
#wapo,1
#superbowlxlviii,1
#doctorwho,1
#singing,1
#nflplayoffs,1
#gp4p16,1
#piinthesky,1
#nyfw,1
#aussie,1
#unicorn,1
#halloweencostume,1
#firstdayofsummer,1
#gifparty,1
#nationalpetday,1
#toyfairynyc,1
#terriblenews,1
#shout_out,1
#paris,1
#bobsforcats,1
#lacomiccon16,1
#ripvine,1
#taschengallery,1
#jake,1
#perfumecollection,1
#comics,1
#votelamb,1
#averygrumpyxmas,1
#festivus,1
#grumpycatfact,1
#amazonpartner,1
#maythe4thbeawful,1
#themoreyouknow,1
#events,1
#shopping,1
#takethethrone,1
#teamauthority,1
#boo,1
#grumpymobile,1
#calendar,1
#stuffing,1
#disneysmmoms,1
#humourcastweather,1
#wwhl,1
#garfield,1
#sotu,1
#toyfair2014,1
#photobomb,1
#dalek,1
#forthethrone,1
#fun,1
#europe,1
#tfny14,1
#myfavourite,1
#grumpyvalentinesday,1
#sesamestreet,1
#usopen,1
#uglysweaterday,1
#grumpyinberlin,1
#portland,1
#vines,1
#nyancatcity,1
#worldcatday,1
#grumpycatmeme,1
#lilbub,1
#weather,1
#tussaudsvegas,1
#lazy,1
#blackfriday2017,1
#debatenight,1
#worldcup2018,1
#newyearseve2018,1
#winterishere,1
#stpatricksday,1
#scent,1
#thegrumpyguidetolife,1
#actiongram,1
#loveatfirstbite,1
#wisconsin,1
#amazongiveaway,1
#peanutsattarget,1
#coffee,1
#grumpymints,1
#grumpythedwarf,1
#atlmkt,1
#stpaul,1
#berlin,1
#unhappybirthdaygrumpycat,1
#qvc,1
#bookcon,1
#felixmetgrumpycat,1
#sunrise,1
#mbfw,1
#icanadmit,1
#2016worstnine,1
#sb49,1
#icebucketchallenge,1
#thebest,1
#loophole,1
#president,1
#meadcalendars,1
#wgn,1
#catsrule,1
#topinfluencers,1
#worstdvdever,1
#america,1
#garfieldmeetsgrumpy,1
#worsthalloweenever,1
#movieawards,1
#grumpydude,1
#worldseries,1
#primark,1
#sharknado,1
#worstfunkopopever,1
#nationalfriendshipday,1
#kidding,1
#2017bestnine,1
#targetpartner,1
#catsalwayswin,1
#starwars,1
#furryfamily,1
#bestnine2015,1
#ofwgkta,1
#freecomicbookday,1
#felixthecat,1
#today,1
#oscarthegrouch,1
#tampa,1
#beauty,1
#ripkeyboardcatbento,1
#ama,1
#minneapolis,1
#perfumes,1
#ripcolonelmeow,1
#tf14,1
#kcas2015,1
#comikaze,1
#androidusersneedgrumpytoo,1
#turkey,1
#sdcc,1
#perfume,1
#lifetimeworstchallengeever,1
#moonday,1
#catsgiving,1
#shoes,1
#whatever,1
#2015worstnine,1
#valentinesday2018,1
#eclipse,1
#twitterdown,1
#worldpuppetryday,1
#cybermonday2017,1
#littlegoldenbooks,1
#lax,1
#grumpyvday,1
#wdw,1
#grumpyhalloween,1
#nycomiccon2015,1
#gameofthones,1
#celebrityfriends,1
#catconnections,1
