user,tweets_published,link
realgrumpycat,2962,https://twitter.com/realgrumpycat
friskies,8,https://twitter.com/friskies
applebooks,5,https://twitter.com/applebooks
ciaomichaella,3,https://twitter.com/ciaomichaella
17castiel,3,https://twitter.com/17castiel
streetplayer13,2,https://twitter.com/streetplayer13
meanwhileatsf,2,https://twitter.com/meanwhileatsf
bbrkdwn,2,https://twitter.com/bbrkdwn
itunes,2,https://twitter.com/itunes
airsign,2,https://twitter.com/airsign
macsmom,2,https://twitter.com/macsmom
nursenina814,2,https://twitter.com/nursenina814
amysandler,2,https://twitter.com/amysandler
hdebow,2,https://twitter.com/hdebow
nlyonne,2,https://twitter.com/nlyonne
kitty_b_good,1,https://twitter.com/kitty_b_good
maudeapatow,1,https://twitter.com/maudeapatow
ohredjay,1,https://twitter.com/ohredjay
mre_with_an_e,1,https://twitter.com/mre_with_an_e
appstore,1,https://twitter.com/appstore
grumpyhatesodor,1,https://twitter.com/grumpyhatesodor
kitty62862,1,https://twitter.com/kitty62862
laurabailey,1,https://twitter.com/laurabailey
maevolpi,1,https://twitter.com/maevolpi
capt_marvelous,1,https://twitter.com/capt_marvelous
quinntennial1,1,https://twitter.com/quinntennial1
brewcitychaser,1,https://twitter.com/brewcitychaser
mysticunigon,1,https://twitter.com/mysticunigon
sundance_kid13,1,https://twitter.com/sundance_kid13
annaa09,1,https://twitter.com/annaa09
kenny_the_penny,1,https://twitter.com/kenny_the_penny
filmfanaticx1,1,https://twitter.com/filmfanaticx1
tai00,1,https://twitter.com/tai00
assassinpikachu,1,https://twitter.com/assassinpikachu
wispywolfie,1,https://twitter.com/wispywolfie
missmandyhale,1,https://twitter.com/missmandyhale
jennarosedove,1,https://twitter.com/jennarosedove
twilightreader3,1,https://twitter.com/twilightreader3
jovanlottis,1,https://twitter.com/jovanlottis
zedd,1,https://twitter.com/zedd
adage,1,https://twitter.com/adage
carbinekane,1,https://twitter.com/carbinekane
carloso79,1,https://twitter.com/carloso79
ellemoxley,1,https://twitter.com/ellemoxley
jakefogelnest,1,https://twitter.com/jakefogelnest
geewhizzle,1,https://twitter.com/geewhizzle
batwench,1,https://twitter.com/batwench
nicolelagoe,1,https://twitter.com/nicolelagoe
lemon_izze,1,https://twitter.com/lemon_izze
arielbombs,1,https://twitter.com/arielbombs
missblair1987,1,https://twitter.com/missblair1987
mollymopar,1,https://twitter.com/mollymopar
deusexjuice,1,https://twitter.com/deusexjuice
kmannon072861,1,https://twitter.com/kmannon072861
forbes,1,https://twitter.com/forbes
prepareaface,1,https://twitter.com/prepareaface
danielewelcome,1,https://twitter.com/danielewelcome
megglet_bakes,1,https://twitter.com/megglet_bakes
suzanne_marie7,1,https://twitter.com/suzanne_marie7
amandalyn883,1,https://twitter.com/amandalyn883
chadleebradley,1,https://twitter.com/chadleebradley
melissajbeaver,1,https://twitter.com/melissajbeaver
pandapreston,1,https://twitter.com/pandapreston
maximus1865,1,https://twitter.com/maximus1865
mrgdr,1,https://twitter.com/mrgdr
laurieshook,1,https://twitter.com/laurieshook
ashleyd911,1,https://twitter.com/ashleyd911
reallytalltruth,1,https://twitter.com/reallytalltruth
jakeylime,1,https://twitter.com/jakeylime
waitingindreams,1,https://twitter.com/waitingindreams
disneyparks,1,https://twitter.com/disneyparks
mental_floss,1,https://twitter.com/mental_floss
catwisdom101,1,https://twitter.com/catwisdom101
mallofamerica,1,https://twitter.com/mallofamerica
cdirdal,1,https://twitter.com/cdirdal
bricbreaker,1,https://twitter.com/bricbreaker
amiraai,1,https://twitter.com/amiraai
littleleelister,1,https://twitter.com/littleleelister
jimmy_walker,1,https://twitter.com/jimmy_walker
officalpiggymcp,1,https://twitter.com/officalpiggymcp
adeleindo,1,https://twitter.com/adeleindo
darktarotangel,1,https://twitter.com/darktarotangel
littlemisswhite,1,https://twitter.com/littlemisswhite
lookitsjake,1,https://twitter.com/lookitsjake
meliacamacho,1,https://twitter.com/meliacamacho
charlotteaddie,1,https://twitter.com/charlotteaddie
kinky_pixie,1,https://twitter.com/kinky_pixie
ixdiego,1,https://twitter.com/ixdiego
hockey_beach_69,1,https://twitter.com/hockey_beach_69
ministrychick77,1,https://twitter.com/ministrychick77
xarantur,1,https://twitter.com/xarantur
vampss_,1,https://twitter.com/vampss_
widdublvr4life,1,https://twitter.com/widdublvr4life
wsj,1,https://twitter.com/wsj
puremaddnessone,1,https://twitter.com/puremaddnessone
suplada,1,https://twitter.com/suplada
tannawings,1,https://twitter.com/tannawings
coelacanthony,1,https://twitter.com/coelacanthony
a9n2t1,1,https://twitter.com/a9n2t1
girlreadthis,1,https://twitter.com/girlreadthis
rossalex3,1,https://twitter.com/rossalex3
lukedhornick,1,https://twitter.com/lukedhornick
zerealmadcatter,1,https://twitter.com/zerealmadcatter
missymaintains,1,https://twitter.com/missymaintains
missemzee,1,https://twitter.com/missemzee
skiptonick,1,https://twitter.com/skiptonick
that_ally,1,https://twitter.com/that_ally
kool_beans_1,1,https://twitter.com/kool_beans_1
hadams1978,1,https://twitter.com/hadams1978
aduralde,1,https://twitter.com/aduralde
bawnalicious,1,https://twitter.com/bawnalicious
k_shock,1,https://twitter.com/k_shock
tmalloysaint,1,https://twitter.com/tmalloysaint
tamgallacher92,1,https://twitter.com/tamgallacher92
audreyestewart,1,https://twitter.com/audreyestewart
iamnalacat,1,https://twitter.com/iamnalacat
parsonskb,1,https://twitter.com/parsonskb
indigo81067,1,https://twitter.com/indigo81067
chevellephreak,1,https://twitter.com/chevellephreak
dannymays,1,https://twitter.com/dannymays
catgirl0818,1,https://twitter.com/catgirl0818
alohajulia_,1,https://twitter.com/alohajulia_
tabbybunny,1,https://twitter.com/tabbybunny
edxvicious,1,https://twitter.com/edxvicious
nene2snaps,1,https://twitter.com/nene2snaps
rachelferrigno,1,https://twitter.com/rachelferrigno
octavian_cara,1,https://twitter.com/octavian_cara
darktemptrez,1,https://twitter.com/darktemptrez
originalfunko,1,https://twitter.com/originalfunko
dntworydrinkcha,1,https://twitter.com/dntworydrinkcha
olefermeloeil,1,https://twitter.com/olefermeloeil
justred29,1,https://twitter.com/justred29
tanya_versh,1,https://twitter.com/tanya_versh
brenttopa,1,https://twitter.com/brenttopa
duparsrestauran,1,https://twitter.com/duparsrestauran
thesxswlimo,1,https://twitter.com/thesxswlimo
eesthersilvan,1,https://twitter.com/eesthersilvan
seanbartley,1,https://twitter.com/seanbartley
destinykaus19,1,https://twitter.com/destinykaus19
the_hip_hapa,1,https://twitter.com/the_hip_hapa
its_aurora,1,https://twitter.com/its_aurora
angi_tarkington,1,https://twitter.com/angi_tarkington
lilgibster32,1,https://twitter.com/lilgibster32
lola348foryou,1,https://twitter.com/lola348foryou
anneapolo,1,https://twitter.com/anneapolo
bautistabomb,1,https://twitter.com/bautistabomb
ronthebod,1,https://twitter.com/ronthebod
idkmawatwittah,1,https://twitter.com/idkmawatwittah
melissaldork,1,https://twitter.com/melissaldork
alexiskep,1,https://twitter.com/alexiskep
silly_rabbits,1,https://twitter.com/silly_rabbits
opelde,1,https://twitter.com/opelde
revemilync,1,https://twitter.com/revemilync
dennykimberly,1,https://twitter.com/dennykimberly
ugagirl4evr,1,https://twitter.com/ugagirl4evr
lisateachman,1,https://twitter.com/lisateachman
punkybex15,1,https://twitter.com/punkybex15
iamhankjustice,1,https://twitter.com/iamhankjustice
hollybsteele,1,https://twitter.com/hollybsteele
3goldensisters,1,https://twitter.com/3goldensisters
kaydeelex,1,https://twitter.com/kaydeelex
nsuri20_sxsw,1,https://twitter.com/nsuri20_sxsw
thetammysuydam,1,https://twitter.com/thetammysuydam
misssarakeay,1,https://twitter.com/misssarakeay
blazarseeda,1,https://twitter.com/blazarseeda
jennfiiin,1,https://twitter.com/jennfiiin
mariacarter,1,https://twitter.com/mariacarter
chodirt,1,https://twitter.com/chodirt
courtkneebaanet,1,https://twitter.com/courtkneebaanet
kendra_fee,1,https://twitter.com/kendra_fee
onedogsopinion,1,https://twitter.com/onedogsopinion
vjvass,1,https://twitter.com/vjvass
jacobmouritzen,1,https://twitter.com/jacobmouritzen
annetteatx,1,https://twitter.com/annetteatx
