user,mentions_count,link
realgrumpycat,211,https://twitter.com/realgrumpycat
friskies,132,https://twitter.com/friskies
lifetimetv,43,https://twitter.com/lifetimetv
mashable,35,https://twitter.com/mashable
evilhag,31,https://twitter.com/evilhag
drinkgrumpycat,29,https://twitter.com/drinkgrumpycat
amazon,25,https://twitter.com/amazon
dynamitecomics,23,https://twitter.com/dynamitecomics
appstore,22,https://twitter.com/appstore
chroniclebooks,21,https://twitter.com/chroniclebooks
jakefogelnest,21,https://twitter.com/jakefogelnest
qvc,20,https://twitter.com/qvc
buzzfeed,20,https://twitter.com/buzzfeed
ibooks,19,https://twitter.com/ibooks
playbingobash,19,https://twitter.com/playbingobash
petsmart,14,https://twitter.com/petsmart
wwe,14,https://twitter.com/wwe
thewebbyawards,13,https://twitter.com/thewebbyawards
meltdowncomics,13,https://twitter.com/meltdowncomics
nickelodeontv,12,https://twitter.com/nickelodeontv
purina,12,https://twitter.com/purina
wweuniverse,12,https://twitter.com/wweuniverse
grumpycattard,11,https://twitter.com/grumpycattard
hottopic,10,https://twitter.com/hottopic
target,10,https://twitter.com/target
americanidol,10,https://twitter.com/americanidol
walmart,10,https://twitter.com/walmart
waltdisneyworld,10,https://twitter.com/waltdisneyworld
gma,8,https://twitter.com/gma
gottagettagund,8,https://twitter.com/gottagettagund
nyannyancat,8,https://twitter.com/nyannyancat
iamnalacat,8,https://twitter.com/iamnalacat
iamlilbub,8,https://twitter.com/iamlilbub
thekeyboardcat,7,https://twitter.com/thekeyboardcat
natbynature,7,https://twitter.com/natbynature
disneyland,7,https://twitter.com/disneyland
gameofthrones,7,https://twitter.com/gameofthrones
itunes,6,https://twitter.com/itunes
skechersusa,6,https://twitter.com/skechersusa
kroger,6,https://twitter.com/kroger
jacobmouritzen,6,https://twitter.com/jacobmouritzen
luckymagazine,6,https://twitter.com/luckymagazine
brian52173,6,https://twitter.com/brian52173
catvidfest,5,https://twitter.com/catvidfest
powells,5,https://twitter.com/powells
garfield,5,https://twitter.com/garfield
mtv,5,https://twitter.com/mtv
marilynmanson,5,https://twitter.com/marilynmanson
midtowncomics,5,https://twitter.com/midtowncomics
ryanseacrest,5,https://twitter.com/ryanseacrest
sxsw,5,https://twitter.com/sxsw
comic_con,5,https://twitter.com/comic_con
foxandfriends,5,https://twitter.com/foxandfriends
bobs_skechers,5,https://twitter.com/bobs_skechers
airsignusa,5,https://twitter.com/airsignusa
dbacks,5,https://twitter.com/dbacks
nlyonne,5,https://twitter.com/nlyonne
comicbooknow,4,https://twitter.com/comicbooknow
donrickles,4,https://twitter.com/donrickles
berkeleyhumane,4,https://twitter.com/berkeleyhumane
tickles_thecat,4,https://twitter.com/tickles_thecat
andylevy,4,https://twitter.com/andylevy
nerdblock,4,https://twitter.com/nerdblock
cbr,4,https://twitter.com/cbr
sesamestreet,4,https://twitter.com/sesamestreet
laughingsquid,4,https://twitter.com/laughingsquid
comicbook,4,https://twitter.com/comicbook
caseable,4,https://twitter.com/caseable
boomstudios,4,https://twitter.com/boomstudios
checkyoponytail,4,https://twitter.com/checkyoponytail
licensingexpo,4,https://twitter.com/licensingexpo
theechola,4,https://twitter.com/theechola
meganlcharp,4,https://twitter.com/meganlcharp
mariacarter,4,https://twitter.com/mariacarter
grumpycatmusic,3,https://twitter.com/grumpycatmusic
ubookstorereads,3,https://twitter.com/ubookstorereads
angi_walker,3,https://twitter.com/angi_walker
macys,3,https://twitter.com/macys
grumpyhatesodor,3,https://twitter.com/grumpyhatesodor
hbo,3,https://twitter.com/hbo
cvspharmacy,3,https://twitter.com/cvspharmacy
toysrus,3,https://twitter.com/toysrus
urbanoutfitters,3,https://twitter.com/urbanoutfitters
ciaomichaella,3,https://twitter.com/ciaomichaella
nowthisnews,3,https://twitter.com/nowthisnews
swarmapp,3,https://twitter.com/swarmapp
buzzthebee,3,https://twitter.com/buzzthebee
expresident,3,https://twitter.com/expresident
lifetimetelly,3,https://twitter.com/lifetimetelly
missmandyhale,3,https://twitter.com/missmandyhale
stanleecomikaze,3,https://twitter.com/stanleecomikaze
randomhousekids,3,https://twitter.com/randomhousekids
fredmeyerstores,3,https://twitter.com/fredmeyerstores
wafflescute,3,https://twitter.com/wafflescute
sampepper,3,https://twitter.com/sampepper
itunestv,3,https://twitter.com/itunestv
anastasiaaddams,3,https://twitter.com/anastasiaaddams
cosmopolitan,3,https://twitter.com/cosmopolitan
ew,3,https://twitter.com/ew
ellenvunwerth,3,https://twitter.com/ellenvunwerth
tussaudsvegas,3,https://twitter.com/tussaudsvegas
justred29,3,https://twitter.com/justred29
thegynomite,3,https://twitter.com/thegynomite
andersoncooper,3,https://twitter.com/andersoncooper
mountainartwear,3,https://twitter.com/mountainartwear
kbellsocks,3,https://twitter.com/kbellsocks
17castiel,3,https://twitter.com/17castiel
kickstarter,3,https://twitter.com/kickstarter
ninjagomovie,3,https://twitter.com/ninjagomovie
itunesmusic,3,https://twitter.com/itunesmusic
nickelodeon_au,3,https://twitter.com/nickelodeon_au
youtube,3,https://twitter.com/youtube
kitsonla,3,https://twitter.com/kitsonla
5sun,3,https://twitter.com/5sun
slopdavid,2,https://twitter.com/slopdavid
oceangirl790,2,https://twitter.com/oceangirl790
todayshow,2,https://twitter.com/todayshow
thehunnaband,2,https://twitter.com/thehunnaband
hdebow,2,https://twitter.com/hdebow
weatherchannel,2,https://twitter.com/weatherchannel
smoothambler,2,https://twitter.com/smoothambler
people,2,https://twitter.com/people
beckiemusson,2,https://twitter.com/beckiemusson
colonel_meow,2,https://twitter.com/colonel_meow
creatureshoptv,2,https://twitter.com/creatureshoptv
toyfairny,2,https://twitter.com/toyfairny
tmz,2,https://twitter.com/tmz
macsmom,2,https://twitter.com/macsmom
georgiamjagger,2,https://twitter.com/georgiamjagger
justinbieber,2,https://twitter.com/justinbieber
mydamnchannel,2,https://twitter.com/mydamnchannel
amysandler,2,https://twitter.com/amysandler
twitter,2,https://twitter.com/twitter
readersdigest,2,https://twitter.com/readersdigest
penguinrandom,2,https://twitter.com/penguinrandom
mollymopar,2,https://twitter.com/mollymopar
usopen,2,https://twitter.com/usopen
zulily,2,https://twitter.com/zulily
bacheloretteabc,2,https://twitter.com/bacheloretteabc
iheartradio,2,https://twitter.com/iheartradio
mrhoratiosanz,2,https://twitter.com/mrhoratiosanz
panthers,2,https://twitter.com/panthers
knowyourmeme,2,https://twitter.com/knowyourmeme
keithurban,2,https://twitter.com/keithurban
lone_star,2,https://twitter.com/lone_star
disneylandcats,2,https://twitter.com/disneylandcats
annetteatx,2,https://twitter.com/annetteatx
elieverines,2,https://twitter.com/elieverines
wessybgood,2,https://twitter.com/wessybgood
voguemagazine,2,https://twitter.com/voguemagazine
giffdev,2,https://twitter.com/giffdev
glenda_copeland,2,https://twitter.com/glenda_copeland
zedge,2,https://twitter.com/zedge
kendra_fee,2,https://twitter.com/kendra_fee
raw_threads,2,https://twitter.com/raw_threads
latimes,2,https://twitter.com/latimes
capitolrecords,2,https://twitter.com/capitolrecords
blossomsband,2,https://twitter.com/blossomsband
opel,2,https://twitter.com/opel
strandbookstore,2,https://twitter.com/strandbookstore
disneyparks,2,https://twitter.com/disneyparks
chaptersindigo,2,https://twitter.com/chaptersindigo
complexmag,2,https://twitter.com/complexmag
nickyhilton,2,https://twitter.com/nickyhilton
comfycritters,2,https://twitter.com/comfycritters
mooseblooduk,2,https://twitter.com/mooseblooduk
blazarseeda,2,https://twitter.com/blazarseeda
ivonetwitta,2,https://twitter.com/ivonetwitta
wafflescat,2,https://twitter.com/wafflescat
lowemillarts,2,https://twitter.com/lowemillarts
opelde,2,https://twitter.com/opelde
thens68,2,https://twitter.com/thens68
evantoddhere,2,https://twitter.com/evantoddhere
iheartcomix,2,https://twitter.com/iheartcomix
betallic,2,https://twitter.com/betallic
chinesetheatres,2,https://twitter.com/chinesetheatres
oreo,2,https://twitter.com/oreo
disneychannel,2,https://twitter.com/disneychannel
disney,2,https://twitter.com/disney
refinery29,2,https://twitter.com/refinery29
xxplwxx,2,https://twitter.com/xxplwxx
irobot,2,https://twitter.com/irobot
tinamuelleropel,2,https://twitter.com/tinamuelleropel
henrilechatnoir,2,https://twitter.com/henrilechatnoir
amgreetings,2,https://twitter.com/amgreetings
nursenina814,2,https://twitter.com/nursenina814
webkinz,2,https://twitter.com/webkinz
rsvpster,2,https://twitter.com/rsvpster
extragrumpycat,2,https://twitter.com/extragrumpycat
wirls,2,https://twitter.com/wirls
petside,2,https://twitter.com/petside
nordstrom,2,https://twitter.com/nordstrom
_taylor5,2,https://twitter.com/_taylor5
hollywoodhelper,2,https://twitter.com/hollywoodhelper
luckykatstudios,2,https://twitter.com/luckykatstudios
terrybradshaw,2,https://twitter.com/terrybradshaw
madametussauds,2,https://twitter.com/madametussauds
primark,2,https://twitter.com/primark
petrageous,2,https://twitter.com/petrageous
cheerios,2,https://twitter.com/cheerios
chewy,2,https://twitter.com/chewy
jlo,2,https://twitter.com/jlo
yo_randyjackson,2,https://twitter.com/yo_randyjackson
harryconnickjr,2,https://twitter.com/harryconnickjr
hololens,2,https://twitter.com/hololens
petlandiapost,2,https://twitter.com/petlandiapost
andersonlive,2,https://twitter.com/andersonlive
jgrohoske9,2,https://twitter.com/jgrohoske9
cw_network,2,https://twitter.com/cw_network
spiketv,2,https://twitter.com/spiketv
cinderellamovie,2,https://twitter.com/cinderellamovie
hlywdchristmas,2,https://twitter.com/hlywdchristmas
jeanene_,2,https://twitter.com/jeanene_
bbrkdwn,2,https://twitter.com/bbrkdwn
nytimes,2,https://twitter.com/nytimes
billyarnie,2,https://twitter.com/billyarnie
4maguires,2,https://twitter.com/4maguires
abramschronicle,2,https://twitter.com/abramschronicle
damnitmaurie,1,https://twitter.com/damnitmaurie
snoopy,1,https://twitter.com/snoopy
zedd,1,https://twitter.com/zedd
mtpfairfax,1,https://twitter.com/mtpfairfax
doverpubs,1,https://twitter.com/doverpubs
markaquire,1,https://twitter.com/markaquire
yo_rsa,1,https://twitter.com/yo_rsa
duparsrestauran,1,https://twitter.com/duparsrestauran
corybooker,1,https://twitter.com/corybooker
kxan_news,1,https://twitter.com/kxan_news
kerryhishon,1,https://twitter.com/kerryhishon
opurrsworth,1,https://twitter.com/opurrsworth
kittycraft,1,https://twitter.com/kittycraft
jassy033,1,https://twitter.com/jassy033
lemon_izze,1,https://twitter.com/lemon_izze
john_scarpa,1,https://twitter.com/john_scarpa
terrellowens,1,https://twitter.com/terrellowens
cantersdeli,1,https://twitter.com/cantersdeli
sfspca,1,https://twitter.com/sfspca
ministrychick77,1,https://twitter.com/ministrychick77
bodhidurant,1,https://twitter.com/bodhidurant
whiskasbr,1,https://twitter.com/whiskasbr
nerdblockjr,1,https://twitter.com/nerdblockjr
suplada,1,https://twitter.com/suplada
myfoxtampabay,1,https://twitter.com/myfoxtampabay
jennarosedove,1,https://twitter.com/jennarosedove
nsuri20_sxsw,1,https://twitter.com/nsuri20_sxsw
jovanlottis,1,https://twitter.com/jovanlottis
onedogsopinion,1,https://twitter.com/onedogsopinion
lionesstru1,1,https://twitter.com/lionesstru1
darktemptrez,1,https://twitter.com/darktemptrez
maudeapatow,1,https://twitter.com/maudeapatow
punkybex15,1,https://twitter.com/punkybex15
felinerescueinc,1,https://twitter.com/felinerescueinc
officalpiggymcp,1,https://twitter.com/officalpiggymcp
jonathan_demel,1,https://twitter.com/jonathan_demel
wweeltorito,1,https://twitter.com/wweeltorito
dysonokuxug,1,https://twitter.com/dysonokuxug
chodirt,1,https://twitter.com/chodirt
mlb,1,https://twitter.com/mlb
sweetviolet79,1,https://twitter.com/sweetviolet79
sandyalmanza,1,https://twitter.com/sandyalmanza
tracy2036,1,https://twitter.com/tracy2036
thesmannie24,1,https://twitter.com/thesmannie24
lghomeent,1,https://twitter.com/lghomeent
ronthebod,1,https://twitter.com/ronthebod
tai00,1,https://twitter.com/tai00
wispywolfie,1,https://twitter.com/wispywolfie
wsj,1,https://twitter.com/wsj
catttsm,1,https://twitter.com/catttsm
achimh,1,https://twitter.com/achimh
mikeypiff,1,https://twitter.com/mikeypiff
8,1,https://twitter.com/8
fred_meyer,1,https://twitter.com/fred_meyer
jennifersalome,1,https://twitter.com/jennifersalome
mara_stewart,1,https://twitter.com/mara_stewart
oupsy,1,https://twitter.com/oupsy
juddapatow,1,https://twitter.com/juddapatow
conanobrien,1,https://twitter.com/conanobrien
googleplay,1,https://twitter.com/googleplay
bookoisseur,1,https://twitter.com/bookoisseur
kaydeelex,1,https://twitter.com/kaydeelex
littlemisswhite,1,https://twitter.com/littlemisswhite
rickygervais,1,https://twitter.com/rickygervais
stuffedanimal15,1,https://twitter.com/stuffedanimal15
lookitsjake,1,https://twitter.com/lookitsjake
matt___simpson,1,https://twitter.com/matt___simpson
bravowwhl,1,https://twitter.com/bravowwhl
mikethemiz,1,https://twitter.com/mikethemiz
raqu3l,1,https://twitter.com/raqu3l
blakeshelton,1,https://twitter.com/blakeshelton
missbandit,1,https://twitter.com/missbandit
thezonetvshow,1,https://twitter.com/thezonetvshow
meliacamacho,1,https://twitter.com/meliacamacho
martagodinho,1,https://twitter.com/martagodinho
kitty_b_good,1,https://twitter.com/kitty_b_good
ny_comic_con,1,https://twitter.com/ny_comic_con
buffmonster,1,https://twitter.com/buffmonster
ixdiego,1,https://twitter.com/ixdiego
hockey_beach_69,1,https://twitter.com/hockey_beach_69
siriusxmhits1,1,https://twitter.com/siriusxmhits1
tubi,1,https://twitter.com/tubi
that_ally,1,https://twitter.com/that_ally
fatjacks,1,https://twitter.com/fatjacks
phxbizjournal,1,https://twitter.com/phxbizjournal
nietta60,1,https://twitter.com/nietta60
viking_dragon,1,https://twitter.com/viking_dragon
hulkhogan,1,https://twitter.com/hulkhogan
thetodayshow,1,https://twitter.com/thetodayshow
lauryannne,1,https://twitter.com/lauryannne
natalilly,1,https://twitter.com/natalilly
czoerb,1,https://twitter.com/czoerb
anneapolo,1,https://twitter.com/anneapolo
jayztwocents,1,https://twitter.com/jayztwocents
rightthisminute,1,https://twitter.com/rightthisminute
walkingdead_amc,1,https://twitter.com/walkingdead_amc
anavaemusic,1,https://twitter.com/anavaemusic
hancockspaducah,1,https://twitter.com/hancockspaducah
sruehlen13,1,https://twitter.com/sruehlen13
misscaptainarex,1,https://twitter.com/misscaptainarex
tylermorganpear,1,https://twitter.com/tylermorganpear
wweroaddogg,1,https://twitter.com/wweroaddogg
capt_marvelous,1,https://twitter.com/capt_marvelous
iamjhud,1,https://twitter.com/iamjhud
memecenter,1,https://twitter.com/memecenter
chrisbharrison,1,https://twitter.com/chrisbharrison
ejsuess,1,https://twitter.com/ejsuess
daveandbusters,1,https://twitter.com/daveandbusters
wwecesaro,1,https://twitter.com/wwecesaro
kiss925toronto,1,https://twitter.com/kiss925toronto
waitingindreams,1,https://twitter.com/waitingindreams
3goldensisters,1,https://twitter.com/3goldensisters
bricbreaker,1,https://twitter.com/bricbreaker
skype,1,https://twitter.com/skype
mocha925,1,https://twitter.com/mocha925
xarantur,1,https://twitter.com/xarantur
parsonskb,1,https://twitter.com/parsonskb
iamspectacular,1,https://twitter.com/iamspectacular
melanie_alewis,1,https://twitter.com/melanie_alewis
annaa09,1,https://twitter.com/annaa09
scottbeale,1,https://twitter.com/scottbeale
lorigreiner,1,https://twitter.com/lorigreiner
interislander,1,https://twitter.com/interislander
kcardace,1,https://twitter.com/kcardace
kare11,1,https://twitter.com/kare11
jessclemo,1,https://twitter.com/jessclemo
tannawings,1,https://twitter.com/tannawings
hadams1978,1,https://twitter.com/hadams1978
kool_beans_1,1,https://twitter.com/kool_beans_1
morningshowon7,1,https://twitter.com/morningshowon7
unionsquaresf,1,https://twitter.com/unionsquaresf
lukedhornick,1,https://twitter.com/lukedhornick
lifetimetvca,1,https://twitter.com/lifetimetvca
ejunkie,1,https://twitter.com/ejunkie
travelportland,1,https://twitter.com/travelportland
espn,1,https://twitter.com/espn
bestbuy,1,https://twitter.com/bestbuy
olefermeloeil,1,https://twitter.com/olefermeloeil
puremaddnessone,1,https://twitter.com/puremaddnessone
melissaldork,1,https://twitter.com/melissaldork
elfy54170,1,https://twitter.com/elfy54170
spotify,1,https://twitter.com/spotify
tunathedog,1,https://twitter.com/tunathedog
foxsports,1,https://twitter.com/foxsports
laurajcwriter,1,https://twitter.com/laurajcwriter
brenttopa,1,https://twitter.com/brenttopa
tfaw,1,https://twitter.com/tfaw
thelinq,1,https://twitter.com/thelinq
tarynjanae,1,https://twitter.com/tarynjanae
clintonfish,1,https://twitter.com/clintonfish
_rhymeswithsara,1,https://twitter.com/_rhymeswithsara
dennykimberly,1,https://twitter.com/dennykimberly
snoopdogg,1,https://twitter.com/snoopdogg
seanbartley,1,https://twitter.com/seanbartley
amandalyn883,1,https://twitter.com/amandalyn883
jessliliot,1,https://twitter.com/jessliliot
parademagazine,1,https://twitter.com/parademagazine
oliviasomerlyn,1,https://twitter.com/oliviasomerlyn
colettebennett,1,https://twitter.com/colettebennett
its_aurora,1,https://twitter.com/its_aurora
rodneyroq,1,https://twitter.com/rodneyroq
ugagirl4evr,1,https://twitter.com/ugagirl4evr
elgatorhc,1,https://twitter.com/elgatorhc
freekibble,1,https://twitter.com/freekibble
ahdmm,1,https://twitter.com/ahdmm
bookendsnj,1,https://twitter.com/bookendsnj
sxswpartylist,1,https://twitter.com/sxswpartylist
harveylevintmz,1,https://twitter.com/harveylevintmz
kmart,1,https://twitter.com/kmart
peej4262,1,https://twitter.com/peej4262
nicolelagoe,1,https://twitter.com/nicolelagoe
jennfiiin,1,https://twitter.com/jennfiiin
fouronenone,1,https://twitter.com/fouronenone
jumpingjesush,1,https://twitter.com/jumpingjesush
snapchat,1,https://twitter.com/snapchat
therealstanlee,1,https://twitter.com/therealstanlee
tweetlessbex,1,https://twitter.com/tweetlessbex
georgetakei,1,https://twitter.com/georgetakei
adage,1,https://twitter.com/adage
foxstudios,1,https://twitter.com/foxstudios
missblair1987,1,https://twitter.com/missblair1987
traceyborders,1,https://twitter.com/traceyborders
sissassy,1,https://twitter.com/sissassy
a9n2t1,1,https://twitter.com/a9n2t1
walgreens,1,https://twitter.com/walgreens
johnu,1,https://twitter.com/johnu
vegas,1,https://twitter.com/vegas
octaviaspencer,1,https://twitter.com/octaviaspencer
samsclub,1,https://twitter.com/samsclub
patyfocs,1,https://twitter.com/patyfocs
oscarthegrouch,1,https://twitter.com/oscarthegrouch
strawberryradio,1,https://twitter.com/strawberryradio
meepkittyfuck,1,https://twitter.com/meepkittyfuck
hollybsteele,1,https://twitter.com/hollybsteele
brewcitychaser,1,https://twitter.com/brewcitychaser
orthus666,1,https://twitter.com/orthus666
ezekielsf,1,https://twitter.com/ezekielsf
misssarakeay,1,https://twitter.com/misssarakeay
dannymays,1,https://twitter.com/dannymays
_misterbd,1,https://twitter.com/_misterbd
catgirl0818,1,https://twitter.com/catgirl0818
tabbybunny,1,https://twitter.com/tabbybunny
edxvicious,1,https://twitter.com/edxvicious
your_illusi0n,1,https://twitter.com/your_illusi0n
bubblymandy1,1,https://twitter.com/bubblymandy1
topcat1436,1,https://twitter.com/topcat1436
colony_14,1,https://twitter.com/colony_14
morganspurlock,1,https://twitter.com/morganspurlock
nyancat,1,https://twitter.com/nyancat
reslus,1,https://twitter.com/reslus
meghan_trainor,1,https://twitter.com/meghan_trainor
kitty62862,1,https://twitter.com/kitty62862
roxieprince,1,https://twitter.com/roxieprince
artfilmfan,1,https://twitter.com/artfilmfan
laurabailey,1,https://twitter.com/laurabailey
rozweston,1,https://twitter.com/rozweston
disneylandtoday,1,https://twitter.com/disneylandtoday
gusthefox,1,https://twitter.com/gusthefox
kevindiaz84,1,https://twitter.com/kevindiaz84
foursquare,1,https://twitter.com/foursquare
agafogio,1,https://twitter.com/agafogio
anderson,1,https://twitter.com/anderson
k_shock,1,https://twitter.com/k_shock
lisateachman,1,https://twitter.com/lisateachman
algonquinsa,1,https://twitter.com/algonquinsa
deusexjuice,1,https://twitter.com/deusexjuice
andria_xx,1,https://twitter.com/andria_xx
alohajulia_,1,https://twitter.com/alohajulia_
txltnangelmama,1,https://twitter.com/txltnangelmama
marktheperson,1,https://twitter.com/marktheperson
haunt3dmusic,1,https://twitter.com/haunt3dmusic
thesxswlimo,1,https://twitter.com/thesxswlimo
ladylexy,1,https://twitter.com/ladylexy
sinfullyinsane,1,https://twitter.com/sinfullyinsane
mnstatefair,1,https://twitter.com/mnstatefair
bawnalicious,1,https://twitter.com/bawnalicious
dannypudi,1,https://twitter.com/dannypudi
grinchmovie,1,https://twitter.com/grinchmovie
cdirdal,1,https://twitter.com/cdirdal
mollysoda,1,https://twitter.com/mollysoda
thr,1,https://twitter.com/thr
the_hip_hapa,1,https://twitter.com/the_hip_hapa
dre20,1,https://twitter.com/dre20
_beth___,1,https://twitter.com/_beth___
snakemannn,1,https://twitter.com/snakemannn
rubyriottwwe,1,https://twitter.com/rubyriottwwe
pep48ito,1,https://twitter.com/pep48ito
qnp,1,https://twitter.com/qnp
greg_a_,1,https://twitter.com/greg_a_
amc_tv,1,https://twitter.com/amc_tv
camillajeanette,1,https://twitter.com/camillajeanette
panic_kid,1,https://twitter.com/panic_kid
jessetyler,1,https://twitter.com/jessetyler
indigo81067,1,https://twitter.com/indigo81067
mattstopera,1,https://twitter.com/mattstopera
tmalloysaint,1,https://twitter.com/tmalloysaint
vjvass,1,https://twitter.com/vjvass
ernie_vick,1,https://twitter.com/ernie_vick
officialr5,1,https://twitter.com/officialr5
buzzfeedandrew,1,https://twitter.com/buzzfeedandrew
darth_pingu,1,https://twitter.com/darth_pingu
thenotoriouscat,1,https://twitter.com/thenotoriouscat
karlstefanovic,1,https://twitter.com/karlstefanovic
thetammysuydam,1,https://twitter.com/thetammysuydam
jasonsegel,1,https://twitter.com/jasonsegel
mcjunkie,1,https://twitter.com/mcjunkie
mcdonalds,1,https://twitter.com/mcdonalds
tumblr,1,https://twitter.com/tumblr
nala_cat,1,https://twitter.com/nala_cat
nickcannon,1,https://twitter.com/nickcannon
ellemoxley,1,https://twitter.com/ellemoxley
margie_far,1,https://twitter.com/margie_far
lipsofanangel48,1,https://twitter.com/lipsofanangel48
girlreadthis,1,https://twitter.com/girlreadthis
anna_grace4,1,https://twitter.com/anna_grace4
angelakinsey,1,https://twitter.com/angelakinsey
gutterisatool,1,https://twitter.com/gutterisatool
latherocomplex,1,https://twitter.com/latherocomplex
wgnnews,1,https://twitter.com/wgnnews
letterman,1,https://twitter.com/letterman
_ianr,1,https://twitter.com/_ianr
filmfanaticx1,1,https://twitter.com/filmfanaticx1
catwisdom101,1,https://twitter.com/catwisdom101
phxbizhayley,1,https://twitter.com/phxbizhayley
themarkhenry,1,https://twitter.com/themarkhenry
sharedbraincell,1,https://twitter.com/sharedbraincell
bydawndais,1,https://twitter.com/bydawndais
lyladaniels,1,https://twitter.com/lyladaniels
itunesmovies,1,https://twitter.com/itunesmovies
mrgdr,1,https://twitter.com/mrgdr
indowntownpdx,1,https://twitter.com/indowntownpdx
theiveyshotel,1,https://twitter.com/theiveyshotel
extratv,1,https://twitter.com/extratv
ebay,1,https://twitter.com/ebay
mattbrockelman,1,https://twitter.com/mattbrockelman
gillianjacobs,1,https://twitter.com/gillianjacobs
mattsizemore,1,https://twitter.com/mattsizemore
mallofamerica,1,https://twitter.com/mallofamerica
southbyfreenoms,1,https://twitter.com/southbyfreenoms
tikitessie,1,https://twitter.com/tikitessie
dynamicforces,1,https://twitter.com/dynamicforces
reallytalltruth,1,https://twitter.com/reallytalltruth
williambibbiani,1,https://twitter.com/williambibbiani
hell0kiwi,1,https://twitter.com/hell0kiwi
nightline,1,https://twitter.com/nightline
twilightreader3,1,https://twitter.com/twilightreader3
carbinekane,1,https://twitter.com/carbinekane
pierced_pretty,1,https://twitter.com/pierced_pretty
katiekangas,1,https://twitter.com/katiekangas
vampss_,1,https://twitter.com/vampss_
laweekly,1,https://twitter.com/laweekly
cooking_j,1,https://twitter.com/cooking_j
milehighcomics,1,https://twitter.com/milehighcomics
alexlandherr,1,https://twitter.com/alexlandherr
licensemag,1,https://twitter.com/licensemag
lindalatte,1,https://twitter.com/lindalatte
missymaintains,1,https://twitter.com/missymaintains
geewhizzle,1,https://twitter.com/geewhizzle
sirpurr,1,https://twitter.com/sirpurr
arielbombs,1,https://twitter.com/arielbombs
zerealmadcatter,1,https://twitter.com/zerealmadcatter
thegooddinosaur,1,https://twitter.com/thegooddinosaur
newfidadian,1,https://twitter.com/newfidadian
megglet_bakes,1,https://twitter.com/megglet_bakes
jwaltersiv,1,https://twitter.com/jwaltersiv
melissajbeaver,1,https://twitter.com/melissajbeaver
comicbookrehab,1,https://twitter.com/comicbookrehab
amazonmusic,1,https://twitter.com/amazonmusic
adloftx,1,https://twitter.com/adloftx
webchic1,1,https://twitter.com/webchic1
kathleenhanna,1,https://twitter.com/kathleenhanna
msdwright,1,https://twitter.com/msdwright
neonkiss,1,https://twitter.com/neonkiss
adamsandler,1,https://twitter.com/adamsandler
daffynewt,1,https://twitter.com/daffynewt
tshirtoutlet,1,https://twitter.com/tshirtoutlet
msrebeccablack,1,https://twitter.com/msrebeccablack
alexiskep,1,https://twitter.com/alexiskep
amazonvideo,1,https://twitter.com/amazonvideo
haley,1,https://twitter.com/haley
marisam9401,1,https://twitter.com/marisam9401
andrewwk,1,https://twitter.com/andrewwk
500thingsmycatt,1,https://twitter.com/500thingsmycatt
gohastings,1,https://twitter.com/gohastings
forbes,1,https://twitter.com/forbes
prepareaface,1,https://twitter.com/prepareaface
littleleelister,1,https://twitter.com/littleleelister
jimmy_walker,1,https://twitter.com/jimmy_walker
alexcharnes,1,https://twitter.com/alexcharnes
nashxdallass,1,https://twitter.com/nashxdallass
queen_cerii,1,https://twitter.com/queen_cerii
demeterceo,1,https://twitter.com/demeterceo
jakeylime,1,https://twitter.com/jakeylime
calebpjohnson,1,https://twitter.com/calebpjohnson
westfieldcomics,1,https://twitter.com/westfieldcomics
shaq,1,https://twitter.com/shaq
mcuban,1,https://twitter.com/mcuban
dcbservice,1,https://twitter.com/dcbservice
austinpetsalive,1,https://twitter.com/austinpetsalive
suzanne_marie7,1,https://twitter.com/suzanne_marie7
liavain,1,https://twitter.com/liavain
aprillee92,1,https://twitter.com/aprillee92
nerdygmr5,1,https://twitter.com/nerdygmr5
mindykaling,1,https://twitter.com/mindykaling
kmannon072861,1,https://twitter.com/kmannon072861
thebookcon,1,https://twitter.com/thebookcon
ianziering,1,https://twitter.com/ianziering
silly_rabbits,1,https://twitter.com/silly_rabbits
sxswp,1,https://twitter.com/sxswp
oskarklaus,1,https://twitter.com/oskarklaus
sportscenter,1,https://twitter.com/sportscenter
ohmbeads,1,https://twitter.com/ohmbeads
tamgallacher92,1,https://twitter.com/tamgallacher92
cnet,1,https://twitter.com/cnet
kinky_pixie,1,https://twitter.com/kinky_pixie
nene2snaps,1,https://twitter.com/nene2snaps
dxracer,1,https://twitter.com/dxracer
kanyewest,1,https://twitter.com/kanyewest
hmvtweets,1,https://twitter.com/hmvtweets
ashleyd911,1,https://twitter.com/ashleyd911
huffpostcomedy,1,https://twitter.com/huffpostcomedy
maximus1865,1,https://twitter.com/maximus1865
sharethis,1,https://twitter.com/sharethis
radioandysxm,1,https://twitter.com/radioandysxm
alissamandicino,1,https://twitter.com/alissamandicino
brucewayne2010,1,https://twitter.com/brucewayne2010
tampatheatre,1,https://twitter.com/tampatheatre
mk12679,1,https://twitter.com/mk12679
mgm_studios,1,https://twitter.com/mgm_studios
mnlottery,1,https://twitter.com/mnlottery
laurieshook,1,https://twitter.com/laurieshook
spirithalloween,1,https://twitter.com/spirithalloween
carmillaseries,1,https://twitter.com/carmillaseries
carloso79,1,https://twitter.com/carloso79
heather_raleigh,1,https://twitter.com/heather_raleigh
higureface,1,https://twitter.com/higureface
newsweek,1,https://twitter.com/newsweek
hankjustice,1,https://twitter.com/hankjustice
lilian_dahmer,1,https://twitter.com/lilian_dahmer
siriusxm,1,https://twitter.com/siriusxm
amiraai,1,https://twitter.com/amiraai
lessavytrav,1,https://twitter.com/lessavytrav
andy,1,https://twitter.com/andy
michellekl,1,https://twitter.com/michellekl
flamingoart,1,https://twitter.com/flamingoart
ht_collectibles,1,https://twitter.com/ht_collectibles
debimazar,1,https://twitter.com/debimazar
pandapreston,1,https://twitter.com/pandapreston
citiesofthemind,1,https://twitter.com/citiesofthemind
widdublvr4life,1,https://twitter.com/widdublvr4life
batwench,1,https://twitter.com/batwench
begandchoose,1,https://twitter.com/begandchoose
bautistabomb,1,https://twitter.com/bautistabomb
mental_floss,1,https://twitter.com/mental_floss
princess_nina,1,https://twitter.com/princess_nina
theellenshow,1,https://twitter.com/theellenshow
gameworks,1,https://twitter.com/gameworks
itsdougthepug,1,https://twitter.com/itsdougthepug
vh1,1,https://twitter.com/vh1
lisa_jdc,1,https://twitter.com/lisa_jdc
adeleindo,1,https://twitter.com/adeleindo
rossalex3,1,https://twitter.com/rossalex3
shadoanbj,1,https://twitter.com/shadoanbj
sundance_kid13,1,https://twitter.com/sundance_kid13
empirestatebldg,1,https://twitter.com/empirestatebldg
missemzee,1,https://twitter.com/missemzee
newrockstars,1,https://twitter.com/newrockstars
jamulmer,1,https://twitter.com/jamulmer
moniqueonthemic,1,https://twitter.com/moniqueonthemic
breeannanoa,1,https://twitter.com/breeannanoa
thewire,1,https://twitter.com/thewire
latenightseth,1,https://twitter.com/latenightseth
nymag,1,https://twitter.com/nymag
ameliejune,1,https://twitter.com/ameliejune
broadwaycom,1,https://twitter.com/broadwaycom
realpaigewwe,1,https://twitter.com/realpaigewwe
kaynawhitworth,1,https://twitter.com/kaynawhitworth
chevellephreak,1,https://twitter.com/chevellephreak
nuggetshooter,1,https://twitter.com/nuggetshooter
eesthersilvan,1,https://twitter.com/eesthersilvan
ehasselbeck,1,https://twitter.com/ehasselbeck
skiptonick,1,https://twitter.com/skiptonick
petenvogue,1,https://twitter.com/petenvogue
joshfjelstad,1,https://twitter.com/joshfjelstad
charlotteaddie,1,https://twitter.com/charlotteaddie
buzzfeedanimals,1,https://twitter.com/buzzfeedanimals
nintendoamerica,1,https://twitter.com/nintendoamerica
veronica_mm1,1,https://twitter.com/veronica_mm1
